flat_no,month,opening_balance,amount_received,total_expenses,balance_pending,status,manjeera_bill,watchman_salary,trash,electricity_bill,diesel,lift_maintenance,others
101,2022-06,-42.95,1215.0,2291.29,1033.34,Partial,955.38,636.36,70.0,509.55,100.0,0.0,20.0
101,2022-07,1033.34,1377.0,1450.64,1106.97,Partial,0.0,627.27,70.0,330.64,100.0,0.0,322.73
101,2022-08,1106.97,2000.0,1261.64,368.61,Partial,0.0,681.82,70.0,248.0,150.0,60.0,51.82
101,2022-09,368.61,4695.0,3076.82,62.93,Partial,0.0,1000.0,70.0,322.27,150.0,105.0,1429.55
101,2022-10,62.93,1500.0,1429.27,-7.8,Paid,0.0,863.64,70.0,326.55,0.0,60.0,109.09
101,2022-11,-7.8,1300.0,2593.28,1285.48,Partial,1174.64,727.27,70.0,312.27,136.36,54.55,118.18
101,2022-12,1285.48,1500.0,4303.77,4089.25,Partial,0.0,545.45,70.0,306.27,136.36,54.55,3191.13
101,2023-01,4089.25,6200.0,1847.24,4248.3,Partial,715.88,545.45,70.0,402.27,0.0,54.55,59.09
101,2023-02,4248.3,5000.0,1726.28,974.58,Partial,274.1,363.64,80.0,300.36,136.36,0.0,571.82
101,2023-03,974.58,2000.0,1720.73,695.31,Partial,0.0,709.09,80.0,403.91,136.36,231.82,159.55
101,2023-04,695.31,2000.0,2362.06,1057.37,Partial,1009.7,590.91,80.0,426.91,136.36,54.55,63.64
101,2023-05,1057.37,3000.0,1207.45,-735.17,Paid,0.0,636.36,80.0,246.55,136.36,54.55,53.64
101,2023-06,-735.17,2000.0,1550.09,-1185.08,Paid,0.0,545.45,80.0,361.91,0.0,463.64,99.09
101,2023-07,-1185.08,2000.0,2171.44,-1013.64,Paid,940.44,545.45,80.0,371.0,0.0,0.0,234.55
101,2023-08,-1013.64,2000.0,1720.26,-1293.38,Paid,210.26,636.36,80.0,453.18,136.36,0.0,204.09
101,2023-09,-1293.38,2000.0,4287.09,2368.71,Partial,0.0,1481.82,80.0,547.09,136.36,409.09,1632.73
101,2023-10,2368.71,7000.0,1386.36,-3244.92,Paid,0.0,863.64,80.0,442.73,0.0,0.0,0.0
101,2023-11,308.99,2500.0,2418.99,227.97,Partial,1038.08,454.55,80.0,446.36,136.36,0.0,263.64
101,2023-12,227.97,2500.0,3924.83,5374.7,Partial,431.65,590.91,80.0,367.73,0.0,409.09,2045.45
101,2024-01,5374.7,2500.0,1166.82,4041.52,Partial,332.09,318.18,80.0,300.18,136.36,0.0,0.0
101,2024-02,4041.52,5617.0,1698.72,1143.25,Partial,295.18,454.55,80.0,305.82,0.0,0.0,563.18
101,2024-03,1143.25,2000.0,1585.23,1754.76,Partial,283.78,454.55,80.0,357.82,0.0,409.09,0.0
101,2024-04,1754.76,28673.45,1246.18,-25172.51,Paid,0.0,727.27,80.0,438.91,0.0,0.0,0.0
101,2024-05,-25172.51,2000.0,1422.1,-25250.41,Paid,556.2,200.0,80.0,449.55,136.36,0.0,0.0
101,2024-06,-25250.41,9572.88,2159.18,-30941.0,Paid,340.45,590.91,80.0,363.27,136.36,409.09,239.09
101,2024-07,-30941.0,3500.0,1747.44,-2383.56,Paid,228.53,863.64,80.0,520.73,0.0,0.0,54.55
101,2024-08,-2383.56,4800.0,1573.54,-5610.01,Paid,205.18,636.36,80.0,652.0,0.0,0.0,0.0
101,2024-09,-5610.01,1760.0,1991.69,1190.09,Partial,285.33,0.0,80.0,508.18,0.0,409.09,709.09
101,2024-10,1190.09,0.0,1650.44,2840.52,Pending,179.98,636.36,143.64,508.64,0.0,0.0,181.82
101,2024-11,2840.52,0.0,2265.57,8103.48,Pending,256.48,1181.82,80.0,391.45,174.0,0.0,181.82
101,2024-12,8103.48,10000.0,3340.34,1443.83,Partial,215.25,454.55,80.0,471.45,0.0,436.36,1682.73
101,2025-01,1443.83,2000.0,2432.27,1876.1,Partial,162.91,1818.18,80.0,371.18,0.0,0.0,0.0
101,2025-02,1876.1,2000.0,1573.56,1449.65,Partial,190.56,0.0,80.0,321.64,0.0,409.09,572.27
101,2025-03,1449.65,2000.0,1622.88,1072.53,Partial,225.88,363.64,80.0,337.45,136.36,0.0,479.55
101,2025-04,1072.53,0.0,1053.36,2125.9,Pending,0.0,363.64,90.91,490.64,0.0,0.0,108.18
101,2025-05,2125.9,3000.0,3066.72,2192.62,Partial,445.54,1000.0,90.91,546.64,136.36,409.09,438.18
101,2025-06,2192.62,5000.0,2819.46,12.08,Partial,185.92,318.18,104.55,597.18,409.09,0.0,1204.55
101,2025-07,12.08,6300.0,5053.64,-1234.28,Paid,0.0,709.09,90.91,456.36,681.82,0.0,3115.45
101,2025-08,-1234.28,2000.0,1652.85,3277.11,Partial,195.85,590.91,90.91,370.64,136.36,0.0,268.18
101,2025-09,3277.11,5000.0,1654.54,-68.35,Paid,243.0,272.73,90.91,370.64,0.0,0.0,677.27
101,2025-10,-68.35,0.0,1703.08,1634.73,Pending,197.72,681.82,136.36,356.27,136.36,0.0,194.55
101,2025-11,1634.73,0.0,2124.71,3759.44,Pending,464.44,681.82,90.91,407.09,0.0,63.64,416.82
101,2025-12,3759.44,0.0,3430.92,7190.36,Pending,439.92,681.82,90.91,381.0,0.0,290.91,1546.36
101,2026-01,7190.36,0.0,1950.33,9140.7,Pending,456.6,681.82,90.91,416.0,0.0,222.73,82.27
101,2026-02,9140.7,0.0,2593.26,11733.96,Pending,501.45,818.18,90.91,355.91,136.36,81.82,608.64
101,2026-03,11733.96,13833.18,1717.32,-381.9,Paid,323.22,545.45,90.91,407.27,136.36,81.82,132.27
102,2022-06,1457.05,0.0,1572.23,3029.27,Pending,236.32,636.36,70.0,509.55,100.0,0.0,20.0
102,2022-07,3029.27,4091.0,1450.64,388.91,Partial,0.0,627.27,70.0,330.64,100.0,0.0,322.73
102,2022-08,388.91,1650.0,1261.64,0.55,Partial,0.0,681.82,70.0,248.0,150.0,60.0,51.82
102,2022-09,0.55,3077.0,3076.82,0.36,Partial,0.0,1000.0,70.0,322.27,150.0,105.0,1429.55
102,2022-10,0.36,0.0,1429.27,1429.64,Pending,0.0,863.64,70.0,326.55,0.0,60.0,109.09
102,2022-11,1429.64,2100.0,1777.38,1107.02,Partial,358.75,727.27,70.0,312.27,136.36,54.55,118.18
102,2022-12,1107.02,2000.0,4303.77,3410.79,Partial,0.0,545.45,70.0,306.27,136.36,54.55,3191.13
102,2023-01,3410.79,0.0,1132.15,4542.94,Pending,0.79,545.45,70.0,402.27,0.0,54.55,59.09
102,2023-02,4542.94,6200.0,1629.42,-27.64,Paid,177.24,363.64,80.0,300.36,136.36,0.0,571.82
102,2023-03,-27.64,0.0,1720.73,1693.09,Pending,0.0,709.09,80.0,403.91,136.36,231.82,159.55
102,2023-04,1693.09,0.0,1899.6,3592.69,Pending,547.23,590.91,80.0,426.91,136.36,54.55,63.64
102,2023-05,3592.69,0.0,1207.45,4800.14,Pending,0.0,636.36,80.0,246.55,136.36,54.55,53.64
102,2023-06,4800.14,0.0,1550.09,6350.23,Pending,0.0,545.45,80.0,361.91,0.0,463.64,99.09
102,2023-07,6350.23,8152.0,2007.25,205.48,Partial,776.25,545.45,80.0,371.0,0.0,0.0,234.55
102,2023-08,205.48,0.0,1585.9,1791.38,Pending,75.9,636.36,80.0,453.18,136.36,0.0,204.09
102,2023-09,1791.38,800.0,4287.09,5278.47,Partial,0.0,1481.82,80.0,547.09,136.36,409.09,1632.73
102,2023-10,5278.47,15012.0,1386.36,-8347.16,Paid,0.0,863.64,80.0,442.73,0.0,0.0,0.0
102,2023-11,1386.75,2000.0,1921.07,1307.82,Partial,540.17,454.55,80.0,446.36,136.36,0.0,263.64
102,2023-12,1307.82,0.0,3523.72,4831.54,Pending,30.53,590.91,80.0,367.73,0.0,409.09,2045.45
102,2024-01,4831.54,0.0,837.1,5668.64,Pending,2.37,318.18,80.0,300.18,136.36,0.0,0.0
102,2024-02,5668.64,2150.0,1406.69,5180.33,Partial,3.15,454.55,80.0,305.82,0.0,0.0,563.18
102,2024-03,5180.33,0.0,1308.56,6488.88,Pending,7.1,454.55,80.0,357.82,0.0,409.09,0.0
102,2024-04,6488.88,1168.86,1246.18,6566.21,Partial,0.0,727.27,80.0,438.91,0.0,0.0,0.0
102,2024-05,6566.21,0.0,917.73,7483.94,Pending,51.82,200.0,80.0,449.55,136.36,0.0,0.0
102,2024-06,7483.94,0.0,1857.06,10954.08,Pending,38.33,590.91,80.0,363.27,136.36,409.09,239.09
102,2024-07,10954.08,5000.0,1600.04,7554.12,Partial,81.13,863.64,80.0,520.73,0.0,0.0,54.55
102,2024-08,7554.12,0.0,1467.47,9021.59,Pending,99.11,636.36,80.0,652.0,0.0,0.0,0.0
102,2024-09,9021.59,5600.0,1850.32,10277.81,Partial,143.95,0.0,80.0,508.18,0.0,409.09,709.09
102,2024-10,10277.81,0.0,1525.44,11803.25,Pending,54.98,636.36,143.64,508.64,0.0,0.0,181.82
102,2024-11,11803.25,0.0,2109.55,15411.5,Pending,100.46,1181.82,80.0,391.45,174.0,0.0,181.82
102,2024-12,15411.5,17000.0,3185.31,1596.82,Partial,60.22,454.55,80.0,471.45,0.0,436.36,1682.73
102,2025-01,1596.82,0.0,2279.13,3875.95,Pending,9.76,1818.18,80.0,371.18,0.0,0.0,0.0
102,2025-02,3875.95,3000.0,1428.3,2304.25,Partial,45.3,0.0,80.0,321.64,0.0,409.09,572.27
102,2025-03,2304.25,0.0,1463.28,3767.53,Pending,66.28,363.64,80.0,337.45,136.36,0.0,479.55
102,2025-04,3767.53,0.0,1053.36,4820.89,Pending,0.0,363.64,90.91,490.64,0.0,0.0,108.18
102,2025-05,4820.89,4000.0,2732.4,3553.29,Partial,111.22,1000.0,90.91,546.64,136.36,409.09,438.18
102,2025-06,3553.29,2000.0,2719.66,4272.95,Partial,86.12,318.18,104.55,597.18,409.09,0.0,1204.55
102,2025-07,4272.95,1500.0,5053.64,7826.59,Partial,0.0,709.09,90.91,456.36,681.82,0.0,3115.45
102,2025-08,7826.59,11790.0,1498.9,818.21,Partial,41.9,590.91,90.91,370.64,136.36,0.0,268.18
102,2025-09,818.21,5493.0,1480.62,-3194.16,Paid,69.08,272.73,90.91,370.64,0.0,0.0,677.27
102,2025-10,-3194.16,0.0,1562.06,-1632.11,Paid,56.69,681.82,136.36,356.27,136.36,0.0,194.55
102,2025-11,-1632.11,7325.0,1811.67,-7145.44,Paid,151.4,681.82,90.91,407.09,0.0,63.64,416.82
102,2025-12,-7145.44,0.0,3156.43,-3989.01,Paid,165.43,681.82,90.91,381.0,0.0,290.91,1546.36
102,2026-01,-3989.01,0.0,1598.79,-2390.22,Paid,105.06,681.82,90.91,416.0,0.0,222.73,82.27
102,2026-02,-2390.22,0.0,2170.7,-219.52,Paid,78.88,818.18,90.91,355.91,136.36,81.82,608.64
102,2026-03,-219.52,0.0,1505.89,1286.37,Pending,111.8,545.45,90.91,407.27,136.36,81.82,132.27
201,2022-06,-542.95,0.0,1998.43,1455.48,Pending,662.52,636.36,70.0,509.55,100.0,0.0,20.0
201,2022-07,1455.48,2100.0,1450.64,806.11,Partial,0.0,627.27,70.0,330.64,100.0,0.0,322.73
201,2022-08,806.11,0.0,1261.64,2067.75,Pending,0.0,681.82,70.0,248.0,150.0,60.0,51.82
201,2022-09,2067.75,5950.0,3076.82,507.07,Partial,0.0,1000.0,70.0,322.27,150.0,105.0,1429.55
201,2022-10,507.07,2500.0,1429.27,-563.66,Paid,0.0,863.64,70.0,326.55,0.0,60.0,109.09
201,2022-11,-563.66,2500.0,2237.34,-826.32,Paid,818.7,727.27,70.0,312.27,136.36,54.55,118.18
201,2022-12,-826.32,2500.0,4303.77,977.45,Partial,0.0,545.45,70.0,306.27,136.36,54.55,3191.13
201,2023-01,977.45,6750.0,1615.65,-265.55,Paid,484.29,545.45,70.0,402.27,0.0,54.55,59.09
201,2023-02,-265.55,2000.0,1679.74,-585.81,Paid,227.56,363.64,80.0,300.36,136.36,0.0,571.82
201,2023-03,-585.81,2000.0,1720.73,-865.08,Paid,0.0,709.09,80.0,403.91,136.36,231.82,159.55
201,2023-04,-865.08,2000.0,2115.88,-749.2,Paid,763.52,590.91,80.0,426.91,136.36,54.55,63.64
201,2023-05,-749.2,2000.0,1207.45,-1541.74,Paid,0.0,636.36,80.0,246.55,136.36,54.55,53.64
201,2023-06,-1541.74,2000.0,1550.09,-1991.65,Paid,0.0,545.45,80.0,361.91,0.0,463.64,99.09
201,2023-07,-1991.65,2000.0,2026.85,-1964.81,Paid,795.85,545.45,80.0,371.0,0.0,0.0,234.55
201,2023-08,-1964.81,2000.0,1644.41,-2320.39,Paid,134.41,636.36,80.0,453.18,136.36,0.0,204.09
201,2023-09,-2320.39,2000.0,4287.09,1341.7,Partial,0.0,1481.82,80.0,547.09,136.36,409.09,1632.73
201,2023-10,1341.7,3350.0,1386.36,-621.94,Paid,0.0,863.64,80.0,442.73,0.0,0.0,0.0
201,2023-11,-1368.03,2000.0,2045.65,-1322.37,Paid,664.75,454.55,80.0,446.36,136.36,0.0,263.64
201,2023-12,-1322.37,2000.0,3759.33,3228.39,Partial,266.15,590.91,80.0,367.73,0.0,409.09,2045.45
201,2024-01,3228.39,2000.0,1046.33,2274.71,Partial,211.6,318.18,80.0,300.18,136.36,0.0,0.0
201,2024-02,2274.71,2000.0,1624.31,2664.02,Partial,220.76,454.55,80.0,305.82,0.0,0.0,563.18
201,2024-03,2664.02,2000.0,1507.48,3066.21,Partial,206.02,454.55,80.0,357.82,0.0,409.09,0.0
201,2024-04,3066.21,3000.0,1246.18,2320.8,Partial,0.0,727.27,80.0,438.91,0.0,0.0,0.0
201,2024-05,2320.8,2000.0,1232.92,2053.73,Partial,367.02,200.0,80.0,449.55,136.36,0.0,0.0
201,2024-06,2053.73,3504.96,1977.19,2249.07,Partial,158.46,590.91,80.0,363.27,136.36,409.09,239.09
201,2024-07,2249.07,4500.0,1679.46,-571.48,Paid,160.55,863.64,80.0,520.73,0.0,0.0,54.55
201,2024-08,-571.48,2000.0,1557.71,-1013.76,Paid,189.35,636.36,80.0,652.0,0.0,0.0,0.0
201,2024-09,-1013.76,2900.0,1909.57,4564.22,Partial,203.21,0.0,80.0,508.18,0.0,409.09,709.09
201,2024-10,4564.22,2000.0,1650.16,4214.37,Partial,179.7,636.36,143.64,508.64,0.0,0.0,181.82
201,2024-11,4214.37,4250.0,2194.69,4407.11,Partial,185.6,1181.82,80.0,391.45,174.0,0.0,181.82
201,2024-12,4407.11,8770.0,3306.22,-1056.67,Paid,181.13,454.55,80.0,471.45,0.0,436.36,1682.73
201,2025-01,-1056.67,0.0,2437.99,1381.32,Pending,168.63,1818.18,80.0,371.18,0.0,0.0,0.0
201,2025-02,1381.32,0.0,1542.5,2923.82,Pending,159.5,0.0,80.0,321.64,0.0,409.09,572.27
201,2025-03,2923.82,3000.0,1565.16,1488.98,Partial,168.16,363.64,80.0,337.45,136.36,0.0,479.55
201,2025-04,1488.98,0.0,1053.36,2542.35,Pending,0.0,363.64,90.91,490.64,0.0,0.0,108.18
201,2025-05,2542.35,2000.0,2942.92,3485.27,Partial,321.74,1000.0,90.91,546.64,136.36,409.09,438.18
201,2025-06,3485.27,3850.0,2812.11,2447.38,Partial,178.57,318.18,104.55,597.18,409.09,0.0,1204.55
201,2025-07,2447.38,4500.0,5053.64,3001.02,Partial,0.0,709.09,90.91,456.36,681.82,0.0,3115.45
201,2025-08,3001.02,4900.0,1651.66,4085.94,Partial,194.66,590.91,90.91,370.64,136.36,0.0,268.18
201,2025-09,4085.94,0.0,1607.18,5693.12,Pending,195.63,272.73,90.91,370.64,0.0,0.0,677.27
201,2025-10,5693.12,5700.0,1688.42,1681.54,Partial,183.06,681.82,136.36,356.27,136.36,0.0,194.55
201,2025-11,1681.54,0.0,1999.82,5118.86,Pending,339.54,681.82,90.91,407.09,0.0,63.64,416.82
201,2025-12,5118.86,2000.0,3390.7,6509.55,Partial,399.7,681.82,90.91,381.0,0.0,290.91,1546.36
201,2026-01,6509.55,2000.0,1831.31,6340.86,Partial,337.58,681.82,90.91,416.0,0.0,222.73,82.27
201,2026-02,6340.86,6700.0,2446.35,2087.21,Partial,354.54,818.18,90.91,355.91,136.36,81.82,608.64
201,2026-03,2087.21,2000.0,1612.99,1700.2,Partial,218.9,545.45,90.91,407.27,136.36,81.82,132.27
202,2022-06,-542.95,0.0,1695.49,1152.53,Pending,359.58,636.36,70.0,509.55,100.0,0.0,20.0
202,2022-07,1152.53,2091.0,1450.64,512.17,Partial,0.0,627.27,70.0,330.64,100.0,0.0,322.73
202,2022-08,512.17,1500.0,1261.64,273.8,Partial,0.0,681.82,70.0,248.0,150.0,60.0,51.82
202,2022-09,273.8,4663.12,3076.82,0.0,Partial,0.0,1000.0,70.0,322.27,150.0,105.0,1429.55
202,2022-10,0.0,0.0,1429.27,1429.28,Pending,0.0,863.64,70.0,326.55,0.0,60.0,109.09
202,2022-11,1429.28,1500.0,2072.59,2827.21,Partial,653.96,727.27,70.0,312.27,136.36,54.55,118.18
202,2022-12,2827.21,3000.0,4303.77,4130.98,Partial,0.0,545.45,70.0,306.27,136.36,54.55,3191.13
202,2023-01,4130.98,7500.0,1465.64,-232.63,Paid,334.27,545.45,70.0,402.27,0.0,54.55,59.09
202,2023-02,-232.63,1500.0,1645.59,-87.03,Paid,193.41,363.64,80.0,300.36,136.36,0.0,571.82
202,2023-03,-87.03,1600.0,1720.73,33.69,Partial,0.0,709.09,80.0,403.91,136.36,231.82,159.55
202,2023-04,33.69,0.0,1978.26,2011.95,Pending,625.9,590.91,80.0,426.91,136.36,54.55,63.64
202,2023-05,2011.95,2500.0,1207.45,719.41,Partial,0.0,636.36,80.0,246.55,136.36,54.55,53.64
202,2023-06,719.41,2000.0,1550.09,269.5,Partial,0.0,545.45,80.0,361.91,0.0,463.64,99.09
202,2023-07,269.5,1500.0,1817.98,587.48,Partial,586.98,545.45,80.0,371.0,0.0,0.0,234.55
202,2023-08,587.48,1500.0,1638.68,726.15,Partial,128.68,636.36,80.0,453.18,136.36,0.0,204.09
202,2023-09,726.15,2000.0,4287.09,3013.24,Partial,0.0,1481.82,80.0,547.09,136.36,409.09,1632.73
202,2023-10,3013.24,8394.0,1386.36,-3994.39,Paid,0.0,863.64,80.0,442.73,0.0,0.0,0.0
202,2023-11,1199.52,0.0,1841.41,3040.93,Pending,460.5,454.55,80.0,446.36,136.36,0.0,263.64
202,2023-12,3040.93,3000.0,3682.8,3723.73,Partial,189.62,590.91,80.0,367.73,0.0,409.09,2045.45
202,2024-01,3723.73,3500.0,965.8,1189.53,Partial,131.07,318.18,80.0,300.18,136.36,0.0,0.0
202,2024-02,1189.53,1500.0,1551.67,2006.2,Partial,148.13,454.55,80.0,305.82,0.0,0.0,563.18
202,2024-03,2006.2,1500.0,1483.21,2489.42,Partial,181.76,454.55,80.0,357.82,0.0,409.09,0.0
202,2024-04,2489.42,1500.0,1246.18,27894.01,Partial,0.0,727.27,80.0,438.91,0.0,0.0,0.0
202,2024-05,27894.01,2000.0,1101.37,27495.38,Partial,235.46,200.0,80.0,449.55,136.36,0.0,0.0
202,2024-06,27894.01,2000.0,1820.11,29437.24,Partial,1.39,590.91,80.0,363.27,136.36,409.09,239.09
202,2024-07,29437.24,29500.0,1617.49,1554.73,Partial,98.59,863.64,80.0,520.73,0.0,0.0,54.55
202,2024-08,1554.73,1600.0,1466.02,1420.75,Partial,97.65,636.36,80.0,652.0,0.0,0.0,0.0
202,2024-09,1420.75,930.0,1850.79,8909.95,Partial,144.43,0.0,80.0,508.18,0.0,409.09,709.09
202,2024-10,8909.95,0.0,1544.01,10453.97,Pending,73.56,636.36,143.64,508.64,0.0,0.0,181.82
202,2024-11,10453.97,0.0,2139.87,12593.84,Pending,130.78,1181.82,80.0,391.45,174.0,0.0,181.82
202,2024-12,12593.84,2000.0,3212.03,13805.87,Partial,86.94,454.55,80.0,471.45,0.0,436.36,1682.73
202,2025-01,13805.87,2000.0,2367.46,14173.33,Partial,98.1,1818.18,80.0,371.18,0.0,0.0,0.0
202,2025-02,14173.33,0.0,1451.55,15624.89,Pending,68.55,0.0,80.0,321.64,0.0,409.09,572.27
202,2025-03,15624.89,2000.0,1531.53,15156.41,Partial,134.53,363.64,80.0,337.45,136.36,0.0,479.55
202,2025-04,15156.41,0.0,1053.36,16209.78,Pending,0.0,363.64,90.91,490.64,0.0,0.0,108.18
202,2025-05,16209.78,16000.0,2684.84,2894.62,Partial,63.66,1000.0,90.91,546.64,136.36,409.09,438.18
202,2025-06,2894.62,0.0,2722.42,5617.03,Pending,88.87,318.18,104.55,597.18,409.09,0.0,1204.55
202,2025-07,5617.03,0.0,5053.64,10670.67,Pending,0.0,709.09,90.91,456.36,681.82,0.0,3115.45
202,2025-08,10670.67,3000.0,1582.95,12536.35,Partial,125.95,590.91,90.91,370.64,136.36,0.0,268.18
202,2025-09,12536.35,0.0,1545.0,14081.34,Pending,133.45,272.73,90.91,370.64,0.0,0.0,677.27
202,2025-10,14081.34,0.0,1602.68,15684.02,Pending,97.31,681.82,136.36,356.27,136.36,0.0,194.55
202,2025-11,15684.02,0.0,1862.18,17546.2,Pending,201.91,681.82,90.91,407.09,0.0,63.64,416.82
202,2025-12,17546.2,0.0,3228.55,20774.75,Pending,237.55,681.82,90.91,381.0,0.0,290.91,1546.36
202,2026-01,20774.75,0.0,1678.12,22452.87,Pending,184.39,681.82,90.91,416.0,0.0,222.73,82.27
202,2026-02,22452.87,0.0,2222.26,24675.12,Pending,130.44,818.18,90.91,355.91,136.36,81.82,608.64
202,2026-03,24675.12,0.0,1535.46,26210.59,Pending,141.37,545.45,90.91,407.27,136.36,81.82,132.27
301,2022-06,437.05,1020.0,1907.94,1324.99,Partial,572.03,636.36,70.0,509.55,100.0,0.0,20.0
301,2022-07,1324.99,1722.0,1450.64,1053.62,Partial,0.0,627.27,70.0,330.64,100.0,0.0,322.73
301,2022-08,1053.62,1935.0,1261.64,380.26,Partial,0.0,681.82,70.0,248.0,150.0,60.0,51.82
301,2022-09,380.26,4237.0,3076.82,532.58,Partial,0.0,1000.0,70.0,322.27,150.0,105.0,1429.55
301,2022-10,532.58,1493.49,1429.27,468.36,Partial,0.0,863.64,70.0,326.55,0.0,60.0,109.09
301,2022-11,468.36,1678.0,2265.58,1055.94,Partial,846.94,727.27,70.0,312.27,136.36,54.55,118.18
301,2022-12,1055.94,1600.19,4303.77,3759.52,Partial,0.0,545.45,70.0,306.27,136.36,54.55,3191.13
301,2023-01,3759.52,8513.46,1761.86,-907.69,Paid,630.5,545.45,70.0,402.27,0.0,54.55,59.09
301,2023-02,-907.69,801.0,1709.33,0.64,Partial,257.15,363.64,80.0,300.36,136.36,0.0,571.82
301,2023-03,0.64,0.0,1720.73,1721.37,Pending,0.0,709.09,80.0,403.91,136.36,231.82,159.55
301,2023-04,1721.37,2346.82,2103.31,1477.85,Partial,750.94,590.91,80.0,426.91,136.36,54.55,63.64
301,2023-05,1477.85,1790.0,1207.45,895.31,Partial,0.0,636.36,80.0,246.55,136.36,54.55,53.64
301,2023-06,895.31,2083.49,1550.09,361.91,Partial,0.0,545.45,80.0,361.91,0.0,463.64,99.09
301,2023-07,361.91,2264.37,2107.06,204.6,Partial,876.06,545.45,80.0,371.0,0.0,0.0,234.55
301,2023-08,204.6,1515.96,1685.06,373.7,Partial,175.06,636.36,80.0,453.18,136.36,0.0,204.09
301,2023-09,373.7,2621.0,4287.09,3414.79,Partial,0.0,1481.82,80.0,547.09,136.36,409.09,1632.73
301,2023-10,3414.79,9607.0,1386.36,-4805.84,Paid,0.0,863.64,80.0,442.73,0.0,0.0,0.0
301,2023-11,1388.07,3293.0,2132.97,228.04,Partial,752.06,454.55,80.0,446.36,136.36,0.0,263.64
301,2023-12,228.04,3721.0,3768.73,3997.67,Partial,275.55,590.91,80.0,367.73,0.0,409.09,2045.45
301,2024-01,3997.67,3997.0,1089.1,1089.77,Partial,254.38,318.18,80.0,300.18,136.36,0.0,0.0
301,2024-02,1089.77,2606.0,1607.75,91.52,Partial,204.2,454.55,80.0,305.82,0.0,0.0,563.18
301,2024-03,91.52,1400.0,1539.63,231.15,Partial,238.18,454.55,80.0,357.82,0.0,409.09,0.0
301,2024-04,231.15,1400.0,1246.18,4289.6,Partial,0.0,727.27,80.0,438.91,0.0,0.0,0.0
301,2024-05,4289.6,0.0,1313.57,5603.17,Pending,447.66,200.0,80.0,449.55,136.36,0.0,0.0
301,2024-06,5603.17,0.0,2051.52,8877.8,Pending,232.79,590.91,80.0,363.27,136.36,409.09,239.09
301,2024-07,8877.8,8877.0,1723.32,1724.12,Partial,204.41,863.64,80.0,520.73,0.0,0.0,54.55
301,2024-08,1724.12,2000.0,1564.87,1288.99,Partial,196.5,636.36,80.0,652.0,0.0,0.0,0.0
301,2024-09,1288.99,0.0,1923.54,8918.44,Pending,217.17,0.0,80.0,508.18,0.0,409.09,709.09
301,2024-10,8918.44,10918.0,1682.41,382.84,Partial,211.95,636.36,143.64,508.64,0.0,0.0,181.82
301,2024-11,382.84,2382.0,2271.99,972.84,Partial,262.9,1181.82,80.0,391.45,174.0,0.0,181.82
301,2024-12,972.84,2319.0,3349.68,2703.51,Partial,224.59,454.55,80.0,471.45,0.0,436.36,1682.73
301,2025-01,2703.51,5495.0,2485.04,393.55,Partial,215.67,1818.18,80.0,371.18,0.0,0.0,0.0
301,2025-02,393.55,2730.0,1607.8,-28.65,Paid,224.8,0.0,80.0,321.64,0.0,409.09,572.27
301,2025-03,-28.65,0.0,1626.77,2298.13,Pending,229.77,363.64,80.0,337.45,136.36,0.0,479.55
301,2025-04,2298.13,0.0,1053.36,4051.49,Pending,0.0,363.64,90.91,490.64,0.0,0.0,108.18
301,2025-05,4051.49,4751.0,3003.58,3004.07,Partial,382.4,1000.0,90.91,546.64,136.36,409.09,438.18
301,2025-06,3004.07,6006.0,2802.2,500.28,Partial,168.66,318.18,104.55,597.18,409.09,0.0,1204.55
301,2025-07,500.28,0.0,5053.64,6253.91,Pending,0.0,709.09,90.91,456.36,681.82,0.0,3115.45
301,2025-08,6253.91,7000.0,1653.69,5415.6,Partial,196.69,590.91,90.91,370.64,136.36,0.0,268.18
301,2025-09,5415.6,2000.0,1623.1,5038.7,Partial,211.56,272.73,90.91,370.64,0.0,0.0,677.27
301,2025-10,5038.7,4338.0,1733.44,2434.14,Partial,228.08,681.82,136.36,356.27,136.36,0.0,194.55
301,2025-11,2434.14,4000.0,2051.15,812.29,Partial,390.88,681.82,90.91,407.09,0.0,63.64,416.82
301,2025-12,812.29,2000.0,3436.76,2249.05,Partial,445.76,681.82,90.91,381.0,0.0,290.91,1546.36
301,2026-01,2249.05,0.0,1919.8,4168.85,Pending,426.07,681.82,90.91,416.0,0.0,222.73,82.27
301,2026-02,4168.85,6000.0,2516.11,684.96,Partial,424.29,818.18,90.91,355.91,136.36,81.82,608.64
301,2026-03,684.96,2000.0,1651.63,336.58,Partial,257.54,545.45,90.91,407.27,136.36,81.82,132.27
302,2022-06,31.55,1000.0,1157.33,188.88,Partial,11.42,636.36,0.0,509.55,0.0,0.0,0.0
302,2022-07,188.88,1000.0,1280.64,469.51,Partial,0.0,627.27,0.0,330.64,0.0,0.0,322.73
302,2022-08,469.51,1000.0,1041.64,511.15,Partial,0.0,681.82,0.0,248.0,0.0,60.0,51.82
302,2022-09,511.15,3836.0,2856.82,-468.03,Paid,0.0,1000.0,0.0,322.27,0.0,105.0,1429.55
302,2022-10,-468.03,1250.0,1429.27,-288.76,Paid,0.0,863.64,70.0,326.55,0.0,60.0,109.09
302,2022-11,-288.76,1500.0,1467.31,-321.45,Paid,48.68,727.27,70.0,312.27,136.36,54.55,118.18
302,2022-12,-321.45,1500.0,4303.77,2482.32,Partial,0.0,545.45,70.0,306.27,136.36,54.55,3191.13
302,2023-01,2482.32,5300.0,1326.05,179.13,Partial,194.69,545.45,70.0,402.27,0.0,54.55,59.09
302,2023-02,179.13,1720.0,1550.92,10.05,Partial,98.74,363.64,80.0,300.36,136.36,0.0,571.82
302,2023-03,10.05,1500.0,1720.73,230.78,Partial,0.0,709.09,80.0,403.91,136.36,231.82,159.55
302,2023-04,230.78,1500.0,1612.82,343.59,Partial,260.45,590.91,80.0,426.91,136.36,54.55,63.64
302,2023-05,343.59,1600.0,1207.45,-48.95,Paid,0.0,636.36,80.0,246.55,136.36,54.55,53.64
302,2023-06,-48.95,1600.0,1550.09,-98.86,Paid,0.0,545.45,80.0,361.91,0.0,463.64,99.09
302,2023-07,-98.86,1500.0,1488.27,-110.59,Paid,257.27,545.45,80.0,371.0,0.0,0.0,234.55
302,2023-08,-110.59,1500.0,1552.76,-57.83,Paid,42.76,636.36,80.0,453.18,136.36,0.0,204.09
302,2023-09,-57.83,0.0,4287.09,4229.26,Pending,0.0,1481.82,80.0,547.09,136.36,409.09,1632.73
302,2023-10,4229.26,8114.0,1386.36,-2498.37,Paid,0.0,863.64,80.0,442.73,0.0,0.0,0.0
302,2023-11,3415.54,1500.0,1653.94,3569.48,Partial,273.03,454.55,80.0,446.36,136.36,0.0,263.64
302,2023-12,3569.48,2000.0,3573.29,5142.77,Partial,80.11,590.91,80.0,367.73,0.0,409.09,2045.45
302,2024-01,5142.77,2000.0,918.61,4061.38,Partial,83.88,318.18,80.0,300.18,136.36,0.0,0.0
302,2024-02,4061.38,2000.0,1531.37,3592.75,Partial,127.82,454.55,80.0,305.82,0.0,0.0,563.18
302,2024-03,3592.75,2000.0,1399.43,2992.17,Partial,97.97,454.55,80.0,357.82,0.0,409.09,0.0
302,2024-04,2992.17,2000.0,1246.18,2238.35,Partial,0.0,727.27,80.0,438.91,0.0,0.0,0.0
302,2024-05,2238.35,2500.0,1181.11,919.47,Partial,315.2,200.0,80.0,449.55,136.36,0.0,0.0
302,2024-06,919.47,2000.0,1904.8,824.27,Partial,86.07,590.91,80.0,363.27,136.36,409.09,239.09
302,2024-07,824.27,2000.0,1572.0,396.26,Partial,53.09,863.64,80.0,520.73,0.0,0.0,54.55
302,2024-08,396.26,2000.0,1550.21,-53.52,Paid,181.85,636.36,80.0,652.0,0.0,0.0,0.0
302,2024-09,-53.52,4000.0,1795.2,4310.08,Partial,88.83,0.0,80.0,508.18,0.0,409.09,709.09
302,2024-10,4310.08,4300.0,1537.51,1547.59,Partial,67.05,636.36,143.64,508.64,0.0,0.0,181.82
302,2024-11,1547.59,2000.0,2101.52,1649.11,Partial,92.43,1181.82,80.0,391.45,174.0,0.0,181.82
302,2024-12,1649.11,2000.0,3188.78,2837.89,Partial,63.69,454.55,80.0,471.45,0.0,436.36,1682.73
302,2025-01,2837.89,2000.0,2371.63,3209.52,Partial,102.26,1818.18,80.0,371.18,0.0,0.0,0.0
302,2025-02,3209.52,2000.0,1448.43,2657.95,Partial,65.43,0.0,80.0,321.64,0.0,409.09,572.27
302,2025-03,2657.95,2000.0,1463.36,2121.31,Partial,66.36,363.64,80.0,337.45,136.36,0.0,479.55
302,2025-04,2121.31,2000.0,1053.36,1174.68,Partial,0.0,363.64,90.91,490.64,0.0,0.0,108.18
302,2025-05,1174.68,2000.0,2841.23,2015.91,Partial,220.05,1000.0,90.91,546.64,136.36,409.09,438.18
302,2025-06,2015.91,2000.0,2813.14,2829.05,Partial,179.59,318.18,104.55,597.18,409.09,0.0,1204.55
302,2025-07,2829.05,5829.0,5053.64,2053.68,Partial,0.0,709.09,90.91,456.36,681.82,0.0,3115.45
302,2025-08,2053.68,2054.0,1548.61,4305.75,Partial,91.61,590.91,90.91,370.64,136.36,0.0,268.18
302,2025-09,4305.75,2000.0,1472.29,3778.04,Partial,60.74,272.73,90.91,370.64,0.0,0.0,677.27
302,2025-10,3778.04,3800.0,1566.98,1545.01,Partial,61.61,681.82,136.36,356.27,136.36,0.0,194.55
302,2025-11,1545.01,3800.0,1764.37,-490.62,Paid,104.09,681.82,90.91,407.09,0.0,63.64,416.82
302,2025-12,-490.62,2000.0,3109.85,619.23,Partial,118.85,681.82,90.91,381.0,0.0,290.91,1546.36
302,2026-01,619.23,2000.0,1596.86,216.09,Partial,103.13,681.82,90.91,416.0,0.0,222.73,82.27
302,2026-02,216.09,2000.0,2205.5,421.58,Partial,113.68,818.18,90.91,355.91,136.36,81.82,608.64
302,2026-03,421.58,2000.0,1458.54,-119.88,Paid,64.45,545.45,90.91,407.27,136.36,81.82,132.27
401,2022-06,-542.95,673.0,1849.68,633.73,Partial,513.77,636.36,70.0,509.55,100.0,0.0,20.0
401,2022-07,633.73,1933.0,1450.64,151.37,Partial,0.0,627.27,70.0,330.64,100.0,0.0,322.73
401,2022-08,151.37,1413.0,1261.64,0.0,Partial,0.0,681.82,70.0,248.0,150.0,60.0,51.82
401,2022-09,0.0,4326.0,3076.82,63.32,Partial,0.0,1000.0,70.0,322.27,150.0,105.0,1429.55
401,2022-10,63.32,1500.0,1429.27,-7.41,Paid,0.0,863.64,70.0,326.55,0.0,60.0,109.09
401,2022-11,-7.41,1500.0,2155.6,648.2,Partial,736.97,727.27,70.0,312.27,136.36,54.55,118.18
401,2022-12,648.2,1500.0,4303.77,3451.97,Partial,0.0,545.45,70.0,306.27,136.36,54.55,3191.13
401,2023-01,3451.97,9020.0,1485.26,15.4,Partial,353.9,545.45,70.0,402.27,0.0,54.55,59.09
401,2023-02,15.4,1500.0,1606.79,122.19,Partial,154.61,363.64,80.0,300.36,136.36,0.0,571.82
401,2023-03,122.19,1500.0,1720.73,342.92,Partial,0.0,709.09,80.0,403.91,136.36,231.82,159.55
401,2023-04,342.92,1500.0,1897.44,740.36,Partial,545.08,590.91,80.0,426.91,136.36,54.55,63.64
401,2023-05,740.36,1500.0,1207.45,447.82,Partial,0.0,636.36,80.0,246.55,136.36,54.55,53.64
401,2023-06,447.82,1500.0,1550.09,497.91,Partial,0.0,545.45,80.0,361.91,0.0,463.64,99.09
401,2023-07,497.91,1500.0,1755.66,753.56,Partial,524.66,545.45,80.0,371.0,0.0,0.0,234.55
401,2023-08,753.56,1500.0,1636.24,889.81,Partial,126.24,636.36,80.0,453.18,136.36,0.0,204.09
401,2023-09,889.81,1100.0,4287.09,5451.9,Partial,0.0,1481.82,80.0,547.09,136.36,409.09,1632.73
401,2023-10,5451.9,0.0,1386.36,6838.26,Pending,0.0,863.64,80.0,442.73,0.0,0.0,0.0
401,2023-11,12852.17,7000.0,1949.36,7801.53,Partial,568.45,454.55,80.0,446.36,136.36,0.0,263.64
401,2023-12,7801.53,3492.0,3709.47,11740.9,Partial,216.29,590.91,80.0,367.73,0.0,409.09,2045.45
401,2024-01,11740.9,0.0,1018.89,12759.79,Pending,184.16,318.18,80.0,300.18,136.36,0.0,0.0
401,2024-02,12759.79,2100.0,1576.22,13256.01,Partial,172.67,454.55,80.0,305.82,0.0,0.0,563.18
401,2024-03,13256.01,0.0,1485.53,15767.82,Pending,184.07,454.55,80.0,357.82,0.0,409.09,0.0
401,2024-04,15767.82,0.0,1246.18,35938.55,Pending,0.0,727.27,80.0,438.91,0.0,0.0,0.0
401,2024-05,35938.55,0.0,1143.06,37581.61,Pending,277.15,200.0,80.0,449.55,136.36,0.0,0.0
401,2024-06,37581.61,0.0,1956.76,41261.48,Pending,138.03,590.91,80.0,363.27,136.36,409.09,239.09
401,2024-07,41261.48,0.0,1711.23,42972.7,Pending,192.32,863.64,80.0,520.73,0.0,0.0,54.55
401,2024-08,42972.7,0.0,1524.89,44497.59,Pending,156.52,636.36,80.0,652.0,0.0,0.0,0.0
401,2024-09,44497.59,3000.0,1925.05,49991.05,Partial,218.69,0.0,80.0,508.18,0.0,409.09,709.09
401,2024-10,49991.05,5000.0,1595.14,46586.19,Partial,124.68,636.36,143.64,508.64,0.0,0.0,181.82
401,2024-11,46586.19,5000.0,2180.71,46014.93,Partial,171.61,1181.82,80.0,391.45,174.0,0.0,181.82
401,2024-12,46014.93,5000.0,3260.9,44275.83,Partial,135.81,454.55,80.0,471.45,0.0,436.36,1682.73
401,2025-01,44275.83,0.0,2392.76,46668.59,Pending,123.39,1818.18,80.0,371.18,0.0,0.0,0.0
401,2025-02,46668.59,0.0,1524.53,48193.12,Pending,141.53,0.0,80.0,321.64,0.0,409.09,572.27
401,2025-03,48193.12,0.0,1580.36,49773.48,Pending,183.36,363.64,80.0,337.45,136.36,0.0,479.55
401,2025-04,49773.48,0.0,1053.36,50826.84,Pending,0.0,363.64,90.91,490.64,0.0,0.0,108.18
401,2025-05,50826.84,0.0,2878.14,53704.98,Pending,256.95,1000.0,90.91,546.64,136.36,409.09,438.18
401,2025-06,53704.98,0.0,2725.34,56430.32,Pending,91.79,318.18,104.55,597.18,409.09,0.0,1204.55
401,2025-07,56430.32,30100.0,5053.64,31383.95,Partial,0.0,709.09,90.91,456.36,681.82,0.0,3115.45
401,2025-08,31383.95,700.0,1573.03,36590.24,Partial,116.03,590.91,90.91,370.64,136.36,0.0,268.18
401,2025-09,36590.24,6000.0,1545.93,32136.17,Partial,134.39,272.73,90.91,370.64,0.0,0.0,677.27
401,2025-10,32136.17,0.0,1622.14,33758.31,Pending,116.77,681.82,136.36,356.27,136.36,0.0,194.55
401,2025-11,33758.31,0.0,1896.26,37954.57,Pending,235.98,681.82,90.91,407.09,0.0,63.64,416.82
401,2025-12,37954.57,0.0,3279.64,41234.21,Pending,288.64,681.82,90.91,381.0,0.0,290.91,1546.36
401,2026-01,41234.21,0.0,1874.86,43109.07,Pending,381.13,681.82,90.91,416.0,0.0,222.73,82.27
401,2026-02,43109.07,0.0,2349.88,45458.95,Pending,258.07,818.18,90.91,355.91,136.36,81.82,608.64
401,2026-03,45458.95,2000.0,1557.05,45016.0,Partial,162.95,545.45,90.91,407.27,136.36,81.82,132.27
402,2022-06,1457.05,2673.0,1905.85,689.9,Partial,569.95,636.36,70.0,509.55,100.0,0.0,20.0
402,2022-07,689.9,1418.0,1450.64,722.54,Partial,0.0,627.27,70.0,330.64,100.0,0.0,322.73
402,2022-08,722.54,0.0,1261.64,1984.17,Pending,0.0,681.82,70.0,248.0,150.0,60.0,51.82
402,2022-09,1984.17,0.0,3076.82,5060.99,Pending,0.0,1000.0,70.0,322.27,150.0,105.0,1429.55
402,2022-10,5060.99,6021.0,1429.27,469.26,Partial,0.0,863.64,70.0,326.55,0.0,60.0,109.09
402,2022-11,469.26,0.0,1581.06,2050.32,Pending,162.42,727.27,70.0,312.27,136.36,54.55,118.18
402,2022-12,2050.32,2652.0,4303.77,3702.09,Partial,0.0,545.45,70.0,306.27,136.36,54.55,3191.13
402,2023-01,3702.09,9249.0,1655.58,0.03,Partial,524.21,545.45,70.0,402.27,0.0,54.55,59.09
402,2023-02,0.03,0.0,1661.52,1661.55,Pending,209.34,363.64,80.0,300.36,136.36,0.0,571.82
402,2023-03,1661.55,0.0,1720.73,3382.28,Pending,0.0,709.09,80.0,403.91,136.36,231.82,159.55
402,2023-04,3382.28,4007.0,1718.29,1093.57,Partial,365.93,590.91,80.0,426.91,136.36,54.55,63.64
402,2023-05,1093.57,0.0,1207.45,2301.02,Pending,0.0,636.36,80.0,246.55,136.36,54.55,53.64
402,2023-06,2301.02,0.0,1550.09,3851.11,Pending,0.0,545.45,80.0,361.91,0.0,463.64,99.09
402,2023-07,3851.11,5593.0,1919.14,177.25,Partial,688.14,545.45,80.0,371.0,0.0,0.0,234.55
402,2023-08,177.25,0.0,1636.73,1813.99,Pending,126.73,636.36,80.0,453.18,136.36,0.0,204.09
402,2023-09,1813.99,0.0,4287.09,7476.08,Pending,0.0,1481.82,80.0,547.09,136.36,409.09,1632.73
402,2023-10,7476.08,7476.0,1386.36,1386.44,Partial,0.0,863.64,80.0,442.73,0.0,0.0,0.0
402,2023-11,12440.35,12122.0,2023.65,2342.0,Partial,642.74,454.55,80.0,446.36,136.36,0.0,263.64
402,2023-12,2342.0,7818.0,3614.64,-0.4,Paid,121.46,590.91,80.0,367.73,0.0,409.09,2045.45
402,2024-01,-0.4,0.0,1027.17,1026.77,Pending,192.44,318.18,80.0,300.18,136.36,0.0,0.0
402,2024-02,1026.77,0.0,1607.94,2889.71,Pending,204.39,454.55,80.0,305.82,0.0,0.0,563.18
402,2024-03,2889.71,0.0,1487.91,4877.62,Pending,186.45,454.55,80.0,357.82,0.0,409.09,0.0
402,2024-04,4877.62,0.0,1246.18,10506.07,Pending,0.0,727.27,80.0,438.91,0.0,0.0,0.0
402,2024-05,10506.07,0.0,1151.04,12157.11,Pending,285.13,200.0,80.0,449.55,136.36,0.0,0.0
402,2024-06,12157.11,0.0,1964.86,14859.77,Pending,146.13,590.91,80.0,363.27,136.36,409.09,239.09
402,2024-07,14859.77,0.0,1635.34,16495.12,Pending,116.44,863.64,80.0,520.73,0.0,0.0,54.55
402,2024-08,16495.12,0.0,1480.57,17975.68,Pending,112.2,636.36,80.0,652.0,0.0,0.0,0.0
402,2024-09,17975.68,0.0,1875.06,26419.15,Pending,168.69,0.0,80.0,508.18,0.0,409.09,709.09
402,2024-10,26419.15,0.0,1652.88,28072.03,Pending,182.42,636.36,143.64,508.64,0.0,0.0,181.82
402,2024-11,28072.03,0.0,2171.72,33241.14,Pending,162.63,1181.82,80.0,391.45,174.0,0.0,181.82
402,2024-12,33241.14,10000.0,3244.62,26485.76,Partial,119.53,454.55,80.0,471.45,0.0,436.36,1682.73
402,2025-01,26485.76,0.0,2404.88,28890.64,Pending,135.52,1818.18,80.0,371.18,0.0,0.0,0.0
402,2025-02,28890.64,0.0,1520.9,30411.53,Pending,137.9,0.0,80.0,321.64,0.0,409.09,572.27
402,2025-03,30411.53,0.0,1540.86,31952.4,Pending,143.86,363.64,80.0,337.45,136.36,0.0,479.55
402,2025-04,31952.4,0.0,1053.36,33005.76,Pending,0.0,363.64,90.91,490.64,0.0,0.0,108.18
402,2025-05,33005.76,0.0,2881.46,35887.22,Pending,260.28,1000.0,90.91,546.64,136.36,409.09,438.18
402,2025-06,35887.22,900.0,2740.88,37728.1,Partial,107.33,318.18,104.55,597.18,409.09,0.0,1204.55
402,2025-07,37728.1,0.0,5053.64,42781.73,Pending,0.0,709.09,90.91,456.36,681.82,0.0,3115.45
402,2025-08,42781.73,10330.0,1592.43,37852.16,Partial,135.43,590.91,90.91,370.64,136.36,0.0,268.18
402,2025-09,37852.16,10000.0,1548.5,29400.66,Partial,136.96,272.73,90.91,370.64,0.0,0.0,677.27
402,2025-10,29400.66,0.0,1620.97,31021.63,Pending,115.61,681.82,136.36,356.27,136.36,0.0,194.55
402,2025-11,31021.63,10000.0,1918.64,25490.27,Partial,258.37,681.82,90.91,407.09,0.0,63.64,416.82
402,2025-12,25490.27,0.0,3308.21,28798.49,Pending,317.21,681.82,90.91,381.0,0.0,290.91,1546.36
402,2026-01,28798.49,0.0,1793.26,30591.74,Pending,299.53,681.82,90.91,416.0,0.0,222.73,82.27
402,2026-02,30591.74,10000.0,2327.66,22919.4,Partial,235.84,818.18,90.91,355.91,136.36,81.82,608.64
402,2026-03,22919.4,0.0,1564.34,24483.74,Pending,170.25,545.45,90.91,407.27,136.36,81.82,132.27
501,2022-06,-542.95,2000.0,2055.44,-487.51,Paid,719.53,636.36,70.0,509.55,100.0,0.0,20.0
501,2022-07,-487.51,2000.0,1450.64,-1036.88,Paid,0.0,627.27,70.0,330.64,100.0,0.0,322.73
501,2022-08,-1036.88,2000.0,1261.64,-1775.24,Paid,0.0,681.82,70.0,248.0,150.0,60.0,51.82
501,2022-09,-1775.24,3330.0,3076.82,-715.92,Paid,0.0,1000.0,70.0,322.27,150.0,105.0,1429.55
501,2022-10,-715.92,2000.0,1429.27,-1286.65,Paid,0.0,863.64,70.0,326.55,0.0,60.0,109.09
501,2022-11,-1286.65,2000.0,2224.11,899.67,Partial,805.47,727.27,70.0,312.27,136.36,54.55,118.18
501,2022-12,899.67,2000.0,4303.77,3203.44,Partial,0.0,545.45,70.0,306.27,136.36,54.55,3191.13
501,2023-01,3203.44,8797.0,1495.2,-0.19,Paid,363.83,545.45,70.0,402.27,0.0,54.55,59.09
501,2023-02,-0.19,2000.0,1578.32,-421.87,Paid,126.13,363.64,80.0,300.36,136.36,0.0,571.82
501,2023-03,-421.87,2000.0,1720.73,-701.14,Paid,0.0,709.09,80.0,403.91,136.36,231.82,159.55
501,2023-04,-701.14,2000.0,1715.05,-986.09,Paid,362.69,590.91,80.0,426.91,136.36,54.55,63.64
501,2023-05,-986.09,2000.0,1207.45,-1778.64,Paid,0.0,636.36,80.0,246.55,136.36,54.55,53.64
501,2023-06,-1778.64,2000.0,1550.09,-2228.55,Paid,0.0,545.45,80.0,361.91,0.0,463.64,99.09
501,2023-07,-2228.55,2000.0,1771.24,-2457.31,Paid,540.24,545.45,80.0,371.0,0.0,0.0,234.55
501,2023-08,-2457.31,2000.0,1602.83,-2854.48,Paid,92.83,636.36,80.0,453.18,136.36,0.0,204.09
501,2023-09,-2854.48,2000.0,4287.09,807.61,Partial,0.0,1481.82,80.0,547.09,136.36,409.09,1632.73
501,2023-10,807.61,2000.0,1386.36,193.98,Partial,0.0,863.64,80.0,442.73,0.0,0.0,0.0
501,2023-11,11387.89,2000.0,1916.58,11304.47,Partial,535.67,454.55,80.0,446.36,136.36,0.0,263.64
501,2023-12,11304.47,2000.0,3651.43,12955.9,Partial,158.25,590.91,80.0,367.73,0.0,409.09,2045.45
501,2024-01,12955.9,2000.0,958.35,11914.26,Partial,123.63,318.18,80.0,300.18,136.36,0.0,0.0
501,2024-02,11914.26,13305.0,1545.85,155.11,Partial,142.31,454.55,80.0,305.82,0.0,0.0,563.18
501,2024-03,155.11,2000.0,1472.24,-372.66,Paid,170.78,454.55,80.0,357.82,0.0,409.09,0.0
501,2024-04,-372.66,2000.0,1246.18,-1126.47,Paid,0.0,727.27,80.0,438.91,0.0,0.0,0.0
501,2024-05,-1126.47,2000.0,1131.9,-1994.58,Paid,265.99,200.0,80.0,449.55,136.36,0.0,0.0
501,2024-06,-1994.58,2000.0,1964.6,-1196.85,Paid,145.87,590.91,80.0,363.27,136.36,409.09,239.09
501,2024-07,-1196.85,2000.0,1612.26,-1584.59,Paid,93.35,863.64,80.0,520.73,0.0,0.0,54.55
501,2024-08,-1584.59,2000.0,1491.95,-2092.63,Paid,123.59,636.36,80.0,652.0,0.0,0.0,0.0
501,2024-09,-2092.63,2000.0,1861.25,2774.52,Partial,154.88,0.0,80.0,508.18,0.0,409.09,709.09
501,2024-10,2774.52,2000.0,1613.6,2388.12,Partial,143.15,636.36,143.64,508.64,0.0,0.0,181.82
501,2024-11,2388.12,2000.0,2164.7,2552.82,Partial,155.61,1181.82,80.0,391.45,174.0,0.0,181.82
501,2024-12,2552.82,2000.0,3227.49,3780.31,Partial,102.39,454.55,80.0,471.45,0.0,436.36,1682.73
501,2025-01,3780.31,2000.0,2396.44,4176.75,Partial,127.08,1818.18,80.0,371.18,0.0,0.0,0.0
501,2025-02,4176.75,0.0,1517.18,5693.93,Pending,134.18,0.0,80.0,321.64,0.0,409.09,572.27
501,2025-03,5693.93,2000.0,1565.87,5259.8,Partial,168.87,363.64,80.0,337.45,136.36,0.0,479.55
501,2025-04,5259.8,0.0,1053.36,6313.16,Pending,0.0,363.64,90.91,490.64,0.0,0.0,108.18
501,2025-05,6313.16,2000.0,3062.23,7375.39,Partial,441.04,1000.0,90.91,546.64,136.36,409.09,438.18
501,2025-06,7375.39,0.0,2829.88,10205.26,Pending,196.33,318.18,104.55,597.18,409.09,0.0,1204.55
501,2025-07,10205.26,0.0,5053.64,15258.9,Pending,0.0,709.09,90.91,456.36,681.82,0.0,3115.45
501,2025-08,15258.9,11000.0,1583.78,8600.14,Partial,126.78,590.91,90.91,370.64,136.36,0.0,268.18
501,2025-09,8600.14,2000.0,1517.03,8117.17,Partial,105.48,272.73,90.91,370.64,0.0,0.0,677.27
501,2025-10,8117.17,2000.0,1611.14,7728.31,Partial,105.78,681.82,136.36,356.27,136.36,0.0,194.55
501,2025-11,7728.31,2000.0,1870.29,7598.59,Partial,210.01,681.82,90.91,407.09,0.0,63.64,416.82
501,2025-12,7728.31,2000.0,3437.78,9166.09,Partial,446.78,681.82,90.91,381.0,0.0,290.91,1546.36
501,2026-01,9166.09,2000.0,1703.11,8869.2,Partial,209.38,681.82,90.91,416.0,0.0,222.73,82.27
501,2026-02,8869.2,2000.0,2282.32,9151.52,Partial,190.51,818.18,90.91,355.91,136.36,81.82,608.64
501,2026-03,9151.52,2000.0,1518.47,8670.0,Partial,124.38,545.45,90.91,407.27,136.36,81.82,132.27
G1,2022-06,439.05,0.0,2059.06,2498.11,Pending,723.15,636.36,70.0,509.55,100.0,0.0,20.0
G1,2022-07,2498.11,3073.0,1450.64,875.74,Partial,0.0,627.27,70.0,330.64,100.0,0.0,322.73
G1,2022-08,875.74,0.0,1261.64,2137.38,Pending,0.0,681.82,70.0,248.0,150.0,60.0,51.82
G1,2022-09,2137.38,5994.0,3076.82,532.7,Partial,0.0,1000.0,70.0,322.27,150.0,105.0,1429.55
G1,2022-10,532.7,0.0,1429.27,1961.97,Pending,0.0,863.64,70.0,326.55,0.0,60.0,109.09
G1,2022-11,1961.97,0.0,2345.89,4307.86,Pending,927.25,727.27,70.0,312.27,136.36,54.55,118.18
G1,2022-12,4307.86,8533.0,4303.77,78.63,Partial,0.0,545.45,70.0,306.27,136.36,54.55,3191.13
G1,2023-01,78.63,0.0,1644.2,4634.49,Pending,512.83,545.45,70.0,402.27,0.0,54.55,59.09
G1,2023-02,4634.49,6331.0,1696.76,0.25,Partial,244.58,363.64,80.0,300.36,136.36,0.0,571.82
G1,2023-03,0.25,0.0,1720.73,1720.98,Pending,0.0,709.09,80.0,403.91,136.36,231.82,159.55
G1,2023-04,1720.98,0.0,2301.63,4022.61,Pending,949.27,590.91,80.0,426.91,136.36,54.55,63.64
G1,2023-05,4022.61,0.0,1207.45,5230.06,Pending,0.0,636.36,80.0,246.55,136.36,54.55,53.64
G1,2023-06,5230.06,0.0,1550.09,6780.15,Pending,0.0,545.45,80.0,361.91,0.0,463.64,99.09
G1,2023-07,6780.15,8644.0,2067.7,203.85,Partial,836.7,545.45,80.0,371.0,0.0,0.0,234.55
G1,2023-08,203.85,0.0,1719.27,1923.12,Pending,209.27,636.36,80.0,453.18,136.36,0.0,204.09
G1,2023-09,1923.12,0.0,4287.09,7585.21,Pending,0.0,1481.82,80.0,547.09,136.36,409.09,1632.73
G1,2023-10,7585.21,7585.0,1386.36,1386.58,Partial,0.0,863.64,80.0,442.73,0.0,0.0,0.0
G1,2023-11,12580.49,0.0,2150.88,14731.37,Pending,769.97,454.55,80.0,446.36,136.36,0.0,263.64
G1,2023-12,14731.37,0.0,3722.08,22175.35,Pending,228.9,590.91,80.0,367.73,0.0,409.09,2045.45
G1,2024-01,22175.35,0.0,965.9,23141.25,Pending,131.17,318.18,80.0,300.18,136.36,0.0,0.0
G1,2024-02,23141.25,900.0,1548.22,24809.47,Partial,144.67,454.55,80.0,305.82,0.0,0.0,563.18
G1,2024-03,24809.47,0.0,1419.31,26755.06,Pending,117.86,454.55,80.0,357.82,0.0,409.09,0.0
G1,2024-04,26755.06,0.0,1246.18,28001.24,Pending,0.0,727.27,80.0,438.91,0.0,0.0,0.0
G1,2024-05,28001.24,0.0,1046.77,29048.01,Pending,180.86,200.0,80.0,449.55,136.36,0.0,0.0
G1,2024-06,29048.01,0.0,1835.88,31717.02,Pending,17.15,590.91,80.0,363.27,136.36,409.09,239.09
G1,2024-07,31717.02,0.0,1588.5,33305.52,Pending,69.59,863.64,80.0,520.73,0.0,0.0,54.55
G1,2024-08,33305.52,0.0,1466.18,34771.7,Pending,97.82,636.36,80.0,652.0,0.0,0.0,0.0
G1,2024-09,34771.7,35000.0,1829.11,8169.22,Partial,122.75,0.0,80.0,508.18,0.0,409.09,709.09
G1,2024-10,8169.22,0.0,1526.46,9695.68,Pending,56.0,636.36,143.64,508.64,0.0,0.0,181.82
G1,2024-11,9695.68,0.0,2116.65,14809.72,Pending,107.56,1181.82,80.0,391.45,174.0,0.0,181.82
G1,2024-12,14809.72,17172.0,3241.3,879.02,Partial,116.21,454.55,80.0,471.45,0.0,436.36,1682.73
G1,2025-01,879.02,0.0,2427.31,3306.33,Pending,157.95,1818.18,80.0,371.18,0.0,0.0,0.0
G1,2025-02,3306.33,0.0,1451.34,4757.67,Pending,68.34,0.0,80.0,321.64,0.0,409.09,572.27
G1,2025-03,4757.67,0.0,1496.27,6253.94,Pending,99.27,363.64,80.0,337.45,136.36,0.0,479.55
G1,2025-04,6253.94,0.0,1053.36,7307.3,Pending,0.0,363.64,90.91,490.64,0.0,0.0,108.18
G1,2025-05,7307.3,0.0,2777.13,10084.43,Pending,155.95,1000.0,90.91,546.64,136.36,409.09,438.18
G1,2025-06,10084.43,4000.0,2703.91,8788.34,Partial,70.36,318.18,104.55,597.18,409.09,0.0,1204.55
G1,2025-07,8788.34,0.0,5053.64,13841.98,Pending,0.0,709.09,90.91,456.36,681.82,0.0,3115.45
G1,2025-08,13841.98,0.0,1542.7,19717.94,Pending,85.7,590.91,90.91,370.64,136.36,0.0,268.18
G1,2025-09,19717.94,20000.0,1494.14,1212.08,Partial,82.6,272.73,90.91,370.64,0.0,0.0,677.27
G1,2025-10,1212.08,0.0,1568.47,2780.55,Pending,63.11,681.82,136.36,356.27,136.36,0.0,194.55
G1,2025-11,2780.55,0.0,1851.36,4631.92,Pending,191.09,681.82,90.91,407.09,0.0,63.64,416.82
G1,2025-12,4631.92,0.0,3231.64,7863.55,Pending,240.64,681.82,90.91,381.0,0.0,290.91,1546.36
G1,2026-01,7863.55,0.0,1683.96,9547.51,Pending,190.23,681.82,90.91,416.0,0.0,222.73,82.27
G1,2026-02,9547.51,10046.0,2494.36,1995.88,Partial,402.54,818.18,90.91,355.91,136.36,81.82,608.64
G1,2026-03,1995.88,0.0,1490.71,3486.58,Pending,96.62,545.45,90.91,407.27,136.36,81.82,132.27
G2,2022-06,439.05,1018.0,1678.25,1099.3,Partial,342.34,636.36,70.0,509.55,100.0,0.0,20.0
G2,2022-07,1099.3,1851.0,1450.64,698.93,Partial,0.0,627.27,70.0,330.64,100.0,0.0,322.73
G2,2022-08,698.93,1500.0,1261.64,460.57,Partial,0.0,681.82,70.0,248.0,150.0,60.0,51.82
G2,2022-09,460.57,1500.0,3076.82,3349.89,Partial,0.0,1000.0,70.0,322.27,150.0,105.0,1429.55
G2,2022-10,3349.89,3000.0,1429.27,1779.16,Partial,0.0,863.64,70.0,326.55,0.0,60.0,109.09
G2,2022-11,1779.16,3000.0,1967.36,2708.74,Partial,548.72,727.27,70.0,312.27,136.36,54.55,118.18
G2,2022-12,2708.74,3000.0,4303.77,4012.51,Partial,0.0,545.45,70.0,306.27,136.36,54.55,3191.13
G2,2023-01,4012.51,4000.0,1374.17,3264.26,Partial,242.81,545.45,70.0,402.27,0.0,54.55,59.09
G2,2023-02,3264.26,2500.0,1668.32,2432.57,Partial,216.14,363.64,80.0,300.36,136.36,0.0,571.82
G2,2023-03,2432.57,2000.0,1720.73,2153.3,Partial,0.0,709.09,80.0,403.91,136.36,231.82,159.55
G2,2023-04,2153.3,2000.0,1883.16,2036.46,Partial,530.79,590.91,80.0,426.91,136.36,54.55,63.64
G2,2023-05,2036.46,2000.0,1207.45,1243.91,Partial,0.0,636.36,80.0,246.55,136.36,54.55,53.64
G2,2023-06,1243.91,2000.0,1550.09,794.0,Partial,0.0,545.45,80.0,361.91,0.0,463.64,99.09
G2,2023-07,794.0,2000.0,1715.42,509.43,Partial,484.42,545.45,80.0,371.0,0.0,0.0,234.55
G2,2023-08,509.43,2000.0,1604.35,113.77,Partial,94.35,636.36,80.0,453.18,136.36,0.0,204.09
G2,2023-09,113.77,1500.0,4287.09,4275.86,Partial,0.0,1481.82,80.0,547.09,136.36,409.09,1632.73
G2,2023-10,4275.86,6194.0,1386.36,-531.77,Paid,0.0,863.64,80.0,442.73,0.0,0.0,0.0
G2,2023-11,5662.14,4000.0,1807.49,3469.62,Partial,426.58,454.55,80.0,446.36,136.36,0.0,263.64
G2,2023-12,3469.62,3000.0,3659.86,4129.48,Partial,166.68,590.91,80.0,367.73,0.0,409.09,2045.45
G2,2024-01,4129.48,3000.0,989.12,2118.6,Partial,154.39,318.18,80.0,300.18,136.36,0.0,0.0
G2,2024-02,2118.6,2000.0,1541.46,1660.06,Partial,137.91,454.55,80.0,305.82,0.0,0.0,563.18
G2,2024-03,1660.06,2000.0,1414.97,1601.31,Partial,113.52,454.55,80.0,357.82,0.0,409.09,0.0
G2,2024-04,1601.31,2000.0,1246.18,847.49,Partial,0.0,727.27,80.0,438.91,0.0,0.0,0.0
G2,2024-05,847.49,2000.0,1182.11,29.6,Partial,316.2,200.0,80.0,449.55,136.36,0.0,0.0
G2,2024-06,29.6,2000.0,1932.04,1184.76,Partial,113.32,590.91,80.0,363.27,136.36,409.09,239.09
G2,2024-07,1184.76,2000.0,1637.1,821.86,Partial,118.19,863.64,80.0,520.73,0.0,0.0,54.55
G2,2024-08,821.86,2000.0,1487.59,309.45,Partial,119.22,636.36,80.0,652.0,0.0,0.0,0.0
G2,2024-09,309.45,2000.0,1813.43,6691.29,Partial,107.07,0.0,80.0,508.18,0.0,409.09,709.09
G2,2024-10,6691.29,5000.0,1612.97,3304.26,Partial,142.51,636.36,143.64,508.64,0.0,0.0,181.82
G2,2024-11,3304.26,2000.0,2144.02,3448.27,Partial,134.93,1181.82,80.0,391.45,174.0,0.0,181.82
G2,2024-12,3448.27,2000.0,3235.32,4683.6,Partial,110.23,454.55,80.0,471.45,0.0,436.36,1682.73
G2,2025-01,4683.6,2000.0,2385.09,5068.69,Partial,115.72,1818.18,80.0,371.18,0.0,0.0,0.0
G2,2025-02,5068.69,2000.0,1562.91,4631.59,Partial,179.91,0.0,80.0,321.64,0.0,409.09,572.27
G2,2025-03,4631.59,2000.0,1435.66,4067.26,Partial,38.66,363.64,80.0,337.45,136.36,0.0,479.55
G2,2025-04,4067.26,2000.0,1053.36,3120.62,Partial,0.0,363.64,90.91,490.64,0.0,0.0,108.18
G2,2025-05,3120.62,2000.0,2795.36,3915.98,Partial,174.17,1000.0,90.91,546.64,136.36,409.09,438.18
G2,2025-06,3915.98,2000.0,2696.0,4611.98,Partial,62.46,318.18,104.55,597.18,409.09,0.0,1204.55
G2,2025-07,4611.98,2000.0,5053.64,7665.62,Partial,0.0,709.09,90.91,456.36,681.82,0.0,3115.45
G2,2025-08,7665.62,10000.0,1562.4,4086.55,Partial,105.4,590.91,90.91,370.64,136.36,0.0,268.18
G2,2025-09,4086.55,0.0,1454.67,5541.22,Pending,43.12,272.73,90.91,370.64,0.0,0.0,677.27
G2,2025-10,5541.22,5000.0,1695.62,2236.84,Partial,190.26,681.82,136.36,356.27,136.36,0.0,194.55
G2,2025-11,2236.84,0.0,1959.56,4196.4,Pending,299.29,681.82,90.91,407.09,0.0,63.64,416.82
G2,2025-12,4196.4,0.0,3240.51,7436.91,Pending,249.51,681.82,90.91,381.0,0.0,290.91,1546.36
G2,2026-01,7436.91,0.0,1696.62,9133.53,Pending,202.89,681.82,90.91,416.0,0.0,222.73,82.27
G2,2026-02,9133.53,0.0,2313.59,11447.12,Pending,221.77,818.18,90.91,355.91,136.36,81.82,608.64
G2,2026-03,11447.12,10000.0,1536.6,2983.72,Partial,142.51,545.45,90.91,407.27,136.36,81.82,132.27
